tag,sequence,smiles
sp|P04806|HXKA_YEAST Hexokinase-1,MVHLGPKKPQARKGSMADVPKELMDEIHQLEDMFTVDSETLRKVVKHFIDELNKGLTKKGGNIPMIPGWVMEFPTGKESGNYLAIDLGGTNLRVVLVKLSGNHTFDTTQSKYKLPHDMRTTKHQEELWSFIADSLKDFMVEQELLNTKDTLPLGFTFSYPASQNKINEGILQRWTKGFDIPNVEGHDVVPLLQNEISKRELPIEIVALINDTVGTLIASYYTDPETKMGVIFGTGVNGAFYDVVSDIEKLEGKLADDIPSNSPMAINCEYGSFDNEHLVLPRTKYDVAVDEQSPRPGQQAFEKMTSGYYLGELLRLVLLELNEKGLMLKDQDLSKLKQPYIMDTSYPARIEDDPFENLEDTDDIFQKDFGVKTTLPERKLIRRLCELIGTRAARLAVCGIAAICQKRGYKTGHIAADGSVYNKYPGFKEAAAKGLRDIYGWTGDASKDPITIVPAEDGSGAGAAVIAALSEKRIAEGKSLGIIGA,Nc3ncnc1c3(ncn1C2OC(COP(O)(=O)OP(O)(=O)OP(O)(O)=O)C(O)C2(O))
sp|P12709|G6PI_YEAST Glucose-6-phosphate isomerase,MSNNSFTNFKLATELPAWSKLQKIYESQGKTLSVKQEFQKDAKRFEKLNKTFTNYDGSKILFDYSKNLVNDEIIAALIELAKEANVTGLRDAMFKGEHINSTEDRAVYHVALRNRANKPMYVDGVNVAPEVDSVLKHMKEFSEQVRSGEWKGYTGKKITDVVNIGIGGSDLGPVMVTEALKHYAGVLDVHFVSNIDGTHIAETLKVVDPETTLFLIASKTFTTAETITNANTAKNWFLSKTGNDPSHIAKHFAALSTNETEVAKFGIDTKNMFGFESWVGGRYSVWSAIGLSVALYIGYDNFEAFLKGAEAVDNHFTQTPLEDNIPLLGGLLSVWYNNFFGAQTHLVAPFDQYLHRFPAYLQQLSMESNGKSVTRGNVFTDYSTGSILFGEPATNAQHSFFQLVHQGTKLIPSDFILAAQSHNPIENKLHQKMLASNFFAQAEALMVGKDEEQVKAEGATGGLVPHKVFSGNRPTTSILAQKITPATLGALIAYYEHVTFTEGAIWNINSFDQWGVELGKVLAKVIGKELDNSSTISTHDASTNGLINQFKEWM,OC1OC(COP(O)(O)=O)C(O)C(O)C1(O)
sp|P16861|PFKA1_YEAST ATP-dependent 6-phosphofructokinase subunit alpha,MQSQDSCYGVAFRSIITNDEALFKKTIHFYHTLGFATVKDFNKFKHGENSLLSSGTSQDSLREVWLESFKLSEVDASGFRIPQQEATNKAQSQGALLKIRLVMSAPIDETFDTNETATITYFSTDLNKIVEKFPKQAEKLSDTLVFLKDPMGNNITFSGLANATDSAPTSKDAFLEATSEDEIISRASSDASDLLRQTLGSSQKKKKIAVMTSGGDSPGMNAAVRAVVRTGIHFGCDVFAVYEGYEGLLRGGKYLKKMAWEDVRGWLSEGGTLIGTARSMEFRKREGRRQAAGNLISQGIDALVVCGGDGSLTGADLFRHEWPSLVDELVAEGRFTKEEVAPYKNLSIVGLVGSIDNDMSGTDSTIGAYSALERICEMVDYIDATAKSHSRAFVVEVMGRHCGWLALMAGIATGADYIFIPERAVPHGKWQDELKEVCQRHRSKGRRNNTIIVAEGALDDQLNPVTANDVKDALIELGLDTKVTILGHVQRGGTAVAHDRWLATLQGVDAVKAVLEFTPETPSPLIGILENKIIRMPLVESVKLTKSVATAIENKDFDKAISLRDTEFIELYENFLSTTVKDDGSELLPVSDRLNIGIVHVGAPSAALNAATRAATLYCLSHGHKPYAIMNGFSGLIQTGEVKELSWIDVENWHNLGGSEIGTNRSVASEDLGTIAYYFQKNKLDGLIILGGFEGFRSLKQLRDGRTQHPIFNIPMCLIPATVSNNVPGTEYSLGVDTCLNALVNYTDDIKQSASATRRRVFVCEVQGGHSGYIASFTGLITGAVSVYTPEKKIDLASIREDITLLKENFRHDKGENRNGKLLVRNEQASSVYSTQLLADIISEASKGKFGVRTAIPGHVQQGGVPSSKDRVTASRFAVKCIKFIEQWNKKNEASPNTDAKVLRFKFDTHGEKVPTVEHEDDSAAVICVNGSHVSFKPIANLWENETNVELRKGFEVHWAEYNKIGDILSGRLKLRAEVAALAAENK,OCC1(O)(OC(COP(O)(O)=O)C(O)C1(O))
sp|P14540|ALF_YEAST Fructose-bisphosphate aldolase,MGVEQILKRKTGVIVGEDVHNLFTYAKEHKFAIPAINVTSSSTAVAALEAARDSKSPIILQTSNGGAAYFAGKGISNEGQNASIKGAIAAAHYIRSIAPAYGIPVVLHSDHCAKKLLPWFDGMLEADEAYFKEHGEPLFSSHMLDLSEETDEENISTCVKYFKRMAAMDQWLEMEIGITGGEEDGVNNENADKEDLYTKPEQVYNVYKALHPISPNFSIAAAFGNCHGLYAGDIALRPEILAEHQKYTREQVGCKEEKPLFLVFHGGSGSTVQEFHTGIDNGVVKVNLDTDCQYAYLTGIRDYVLNKKDYIMSPVGNPEGPEKPNKKFFDPRVWVREGEKTMGAKITKSLETFRTTNTL,OC1C(COP(O)(O)=O)OC(O)(COP(O)(O)=O)C1(O)
sp|P00360|G3P1_YEAST Glyceraldehyde-3-phosphate dehydrogenase,MIRIAINGFGRIGRLVLRLALQRKDIEVVAVNDPFISNDYAAYMVKYDSTHGRYKGTVSHDDKHIIIDGVKIATYQERDPANLPWGSLKIDVAVDSTGVFKELDTAQKHIDAGAKKVVITAPSSSAPMFVVGVNHTKYTPDKKIVSNASCTTNCLAPLAKVINDAFGIEEGLMTTVHSMTATQKTVDGPSHKDWRGGRTASGNIIPSSTGAAKAVGKVLPELQGKLTGMAFRVPTVDVSVVDLTVKLEKEATYDQIKKAVKAAAEGPMKGVLGYTEDAVVSSDFLGDTHASIFDASAGIQLSPKFVKLISWYDNEYGYSARVVDLIEYVAKA,[H]C(O)(C=O)COP(O)(O)=O
sp|P00330|ADH1_YEAST Alcohol dehydrogenase 1,MSIPETQKGVIFYESHGKLEYKDIPVPKPKANELLINVKYSGVCHTDLHAWHGDWPLPVKLPLVGGHEGAGVVVGMGENVKGWKIGDYAGIKWLNGSCMACEYCELGNESNCPHADLSGYTHDGSFQQYATADAVQAAHIPQGTDLAQVAPILCAGITVYKALKSANLMAGHWVAISGAAGGLGSLAVQYAKAMGYRVLGIDGGEGKEELFRSIGGEVFIDFTKEKDIVGAVLKATDGGAHGVINVSVSEAAIEASTRYVRANGTTVLVGMPAGAKCCSDVFNQVVKSISIVGSYVGNRADTREALDFFARGLVKSPIKVVGLSTLPEIYEKMEKGQIVGRYVVDTSK,CC=O
sp|P00560|PGK_YEAST Phosphoglycerate kinase,MSLSSKLSVQDLDLKDKRVFIRVDFNVPLDGKKITSNQRIVAALPTIKYVLEHHPRYVVLASHLGRPNGERNEKYSLAPVAKELQSLLGKDVTFLNDCVGPEVEAAVKASAPGSVILLENLRYHIEEEGSRKVDGQKVKASKEDVQKFRHELSSLADVYINDAFGTAHRAHSSMVGFDLPQRAAGFLLEKELKYFGKALENPTRPFLAILGGAKVADKIQLIDNLLDKVDSIIIGGGMAFTFKKVLENTEIGDSIFDKAGAEIVPKLMEKAKAKGVEVVLPVDFIIADAFSADANTKTVTDKEGIPAGWQGLDNGPESRKLFAATVAKAKTIVWNGPPGVFEFEKFAAGTKALLDEVVKSSAAGNTVIIGGGDTATVAKKYGVTDKISHVSTGGGASLELLEGKELPGVAFLSEKK,OC(=O)C(O)COP(O)(O)=O
sp|P00950|PMG1_YEAST Phosphoglycerate mutase 1,MPKLVLVRHGQSEWNEKNLFTGWVDVKLSAKGQQEAARAGELLKEKKVYPDVLYTSKLSRAIQTANIALEKADRLWIPVNRSWRLNERHYGDLQGKDKAETLKKFGEEKFNTYRRSFDVPPPPIDASSPFSQKGDERYKYVDPNVLPETESLALVIDRLLPYWQDVIAKDLLSGKTVMIAAHGNSLRGLVKHLEGISDADIAKLNIPTGIPLVFELDENLKPSKPSYYLDPEAAAAGAAAVANQGKK,OCC(OP(O)(O)=O)C(O)=O
sp|P00549|KPYK1_YEAST Pyruvate kinase 1,MSRLERLTSLNVVAGSDLRRTSIIGTIGPKTNNPETLVALRKAGLNIVRMNFSHGSYEYHKSVIDNARKSEELYPGRPLAIALDTKGPEIRTGTTTNDVDYPIPPNHEMIFTTDDKYAKACDDKIMYVDYKNITKVISAGRIIYVDDGVLSFQVLEVVDDKTLKVKALNAGKICSHKGVNLPGTDVDLPALSEKDKEDLRFGVKNGVHMVFASFIRTANDVLTIREVLGEQGKDVKIIVKIENQQGVNNFDEILKVTDGVMVARGDLGIEIPAPEVLAVQKKLIAKSNLAGKPVICATQMLESMTYNPRPTRAEVSDVGNAILDGADCVMLSGETAKGNYPINAVTTMAETAVIAEQAIAYLPNYDDMRNCTPKPTSTTETVAASAVAAVFEQKAKAIIVLSTSGTTPRLVSKYRPNCPIILVTRCPRAARFSHLYRGVFPFVFEKEPVSDWTDDVEARINFGIEKAKEFGILKKGDTYVSIQGFKAGAGHSNTLQVSTV,C=C(OP(O)(O)=O)C(O)=O
sp|P06169|PDC1_YEAST Pyruvate decarboxylase isozyme 1,MSEITLGKYLFERLKQVNVNTVFGLPGDFNLSLLDKIYEVEGMRWAGNANELNAAYAADGYARIKGMSCIITTFGVGELSALNGIAGSYAEHVGVLHVVGVPSISAQAKQLLLHHTLGNGDFTVFHRMSANISETTAMITDIATAPAEIDRCIRTTYVTQRPVYLGLPANLVDLNVPAKLLQTPIDMSLKPNDAESEKEVIDTILALVKDAKNPVILADACCSRHDVKAETKKLIDLTQFPAFVTPMGKGSIDEQHPRYGGVYVGTLSKPEVKEAVESADLILSVGALLSDFNTGSFSYSYKTKNIVEFHSDHMKIRNATFPGVQMKFVLQKLLTTIADAAKGYKPVAVPARTPANAAVPASTPLKQEWMWNQLGNFLQEGDVVIAETGTSAFGINQTTFPNNTYGISQVLWGSIGFTTGATLGAAFAAEEIDPKKRVILFIGDGSLQLTVQEISTMIRWGLKPYLFVLNNDGYTIEKLIHGPKAQYNEIQGWDHLSLLPTFGAKDYETHRVATTGEWDKLTQDKSFNDNSKIRMIEIMLPVFDAPQNLVEQAKLTAATNAKQ,CC(=O)C(O)=O
sp|P0CX11|ERR2_YEAST Enolase-related protein 2,MSITKVHARTVYDSRGNPTVEVEITTENGLFRAIVPSGASTGIHEAVELRDGNKSEWMGKGVTKAVSNVNSIIGPALIKSELCVTNQKGIDELMISLDGTSNKSRLGANAILGVSLCVARAAAAQKGITLYKYIAELADARQDPFVIPVPFFNVLNGGAHAGGSLAMQEFKIAPVGAQSFAEAMRMGSEVYHHLKILAKEQYGPSAGNVGDEGGVAPDIDTAEDALDMIVEAINICGYEGRVKVGIDSAPSVFYKDGKYDLNFKEPNSDPSHWLSPAQLAEYYHSLLKKYPIISLEDPYAEDDWSSWSAFLKTVNVQIIADDLTCTNKTRIARAIEEKCANTLLLKLNQIGTLTESIEAANQAFDAGWGVMISHRSGETEDPFIADLVVGLRCGQIKSGALSRSERLAKYNELLRIEEELGDDCIYAGHRFHDGNKL,OCC(OP(O)(O)=O)C(O)=O
GHM88689.1 triosephosphate isomerase [Saccharomyces cerevisiae],MARTFFVGGNFKLNGSKQSIKEIVERLNTASIPENVEVVICPPATYLDYSVSLVKKPQVTVGAQNAYLKASGAFTGENSVDQIKDVGAKWVILGHSERRSYFHEDDKFIADKTKFALGQGVGVILCIGETLEEKKAGKTLDVVERQLNAVLEEVKDWTNVVVAYEPVWAIGTGLAATPEDAQDIHASIRKFLASKLGDKAASELRILYGGSANGSNAVTFKDKADVDGFLVGGASLKPEFVDIINSRN,OCC(=O)COP(O)(O)=O